Algoritmo,Condição,Tamanho do vetor,Tempo de execução (microsec),Tempo de execução (sec),Comparações realizadas,Trocas realizadas
Selection Sort,Aleatorio,10,1,0,45,7
Selection Sort,Aleatorio,20,1,0,190,17
Selection Sort,Aleatorio,30,2,0,435,25
Selection Sort,Aleatorio,40,3,0,780,36
Selection Sort,Aleatorio,50,4,0,1225,43
Selection Sort,Aleatorio,60,7,0,1770,55
Selection Sort,Aleatorio,70,11,0,2415,67
Selection Sort,Aleatorio,80,10,0,3160,71
Selection Sort,Aleatorio,90,17,0,4005,83
Selection Sort,Aleatorio,100,18,0,4950,94
Selection Sort,Aleatorio,110,17,0,5995,106
Selection Sort,Aleatorio,120,25,0,7140,117
Selection Sort,Aleatorio,130,22,0,8385,127
Selection Sort,Aleatorio,140,25,0,9730,137
Selection Sort,Aleatorio,150,29,0,11175,145
Selection Sort,Aleatorio,160,32,0,12720,156
Selection Sort,Aleatorio,170,35,0,14365,169
Selection Sort,Aleatorio,180,40,0,16110,175
Selection Sort,Aleatorio,190,54,0,17955,187
Selection Sort,Aleatorio,200,61,0,19900,194
Selection Sort,Aleatorio,210,53,0,21945,204
Selection Sort,Aleatorio,220,82,0,24090,213
Selection Sort,Aleatorio,230,66,0,26335,228
Selection Sort,Aleatorio,240,68,0,28680,236
Selection Sort,Aleatorio,250,73,0,31125,241
Selection Sort,Aleatorio,260,79,0,33670,255
Selection Sort,Aleatorio,270,84,0,36315,262
Selection Sort,Aleatorio,280,90,0,39060,274
Selection Sort,Aleatorio,290,98,0,41905,288
Selection Sort,Aleatorio,300,103,0,44850,289
Selection Sort,Aleatorio,310,109,0,47895,305
Selection Sort,Aleatorio,320,117,0,51040,315
Selection Sort,Aleatorio,330,143,0,54285,327
Selection Sort,Aleatorio,340,130,0,57630,334
Selection Sort,Aleatorio,350,163,0,61075,341
Selection Sort,Aleatorio,360,175,0,64620,352
Selection Sort,Aleatorio,370,182,0,68265,367
Selection Sort,Aleatorio,380,176,0,72010,373
Selection Sort,Aleatorio,390,174,0,75855,383
Selection Sort,Aleatorio,400,224,0,79800,394
Selection Sort,Aleatorio,410,186,0,83845,400
Selection Sort,Aleatorio,420,199,0,87990,406
Selection Sort,Aleatorio,430,286,0,92235,423
Selection Sort,Aleatorio,440,218,0,96580,436
Selection Sort,Aleatorio,450,224,0,101025,443
Selection Sort,Aleatorio,460,283,0,105570,450
Selection Sort,Aleatorio,470,320,0,110215,464
Selection Sort,Aleatorio,480,251,0,114960,473
Selection Sort,Aleatorio,490,263,0,119805,477
Selection Sort,Aleatorio,500,345,0,124750,492
Selection Sort,Aleatorio,510,317,0,129795,503
Selection Sort,Aleatorio,520,297,0,134940,515
Selection Sort,Aleatorio,530,305,0,140185,523
Selection Sort,Aleatorio,540,398,0,145530,528
Selection Sort,Aleatorio,550,328,0,150975,539
Selection Sort,Aleatorio,560,410,0,156520,553
Selection Sort,Aleatorio,570,417,0,162165,563
Selection Sort,Aleatorio,580,432,0,167910,573
Selection Sort,Aleatorio,590,374,0,173755,582
Selection Sort,Aleatorio,600,517,0,179700,591
Selection Sort,Aleatorio,610,424,0,185745,603
Selection Sort,Aleatorio,620,519,0,191890,610
Selection Sort,Aleatorio,630,484,0,198135,623
Selection Sort,Aleatorio,640,604,0,204480,630
Selection Sort,Aleatorio,650,658,0,210925,642
Selection Sort,Aleatorio,660,650,0,217470,651
Selection Sort,Aleatorio,670,480,0,224115,664
Selection Sort,Aleatorio,680,515,0,230860,675
Selection Sort,Aleatorio,690,509,0,237705,680
Selection Sort,Aleatorio,700,548,0,244650,689
Selection Sort,Aleatorio,710,685,0,251695,706
Selection Sort,Aleatorio,720,553,0,258840,710
Selection Sort,Aleatorio,730,565,0,266085,723
Selection Sort,Aleatorio,740,853,0,273430,733
Selection Sort,Aleatorio,750,842,0,280875,743
Selection Sort,Aleatorio,760,731,0,288420,755
Selection Sort,Aleatorio,770,768,0,296065,760
Selection Sort,Aleatorio,780,646,0,303810,770
Selection Sort,Aleatorio,790,673,0,311655,785
Selection Sort,Aleatorio,800,774,0,319600,795
Selection Sort,Aleatorio,810,753,0,327645,805
Selection Sort,Aleatorio,820,835,0,335790,813
Selection Sort,Aleatorio,830,728,0,344035,822
Selection Sort,Aleatorio,840,744,0,352380,833
Selection Sort,Aleatorio,850,831,0,360825,842
Selection Sort,Aleatorio,860,1127,0,369370,853
Selection Sort,Aleatorio,870,815,0,378015,861
Selection Sort,Aleatorio,880,972,0,386760,870
Selection Sort,Aleatorio,890,870,0,395605,882
Selection Sort,Aleatorio,900,861,0,404550,893
Selection Sort,Aleatorio,910,1121,0,413595,898
Selection Sort,Aleatorio,920,891,0,422740,910
Selection Sort,Aleatorio,930,907,0,431985,924
Selection Sort,Aleatorio,940,955,0,441330,933
Selection Sort,Aleatorio,950,1212,0,450775,941
Selection Sort,Aleatorio,960,1385,0,460320,951
Selection Sort,Aleatorio,970,1000,0,469965,966
Selection Sort,Aleatorio,980,1025,0,479710,973
Selection Sort,Aleatorio,990,1052,0,489555,981
Selection Sort,Aleatorio,1000,1053,0,499500,995
Selection Sort,Aleatorio,1010,1080,0,509545,1003
Selection Sort,Aleatorio,1020,1871,0,519690,1013
Selection Sort,Aleatorio,1030,1114,0,529935,1025
Selection Sort,Aleatorio,1040,1144,0,540280,1034
Selection Sort,Aleatorio,1050,1218,0,550725,1040
Selection Sort,Aleatorio,1060,1176,0,561270,1054
Selection Sort,Aleatorio,1070,1233,0,571915,1062
Selection Sort,Aleatorio,1080,1219,0,582660,1070
Selection Sort,Aleatorio,1090,1664,0,593505,1083
Selection Sort,Aleatorio,1100,1323,0,604450,1091
Selection Sort,Aleatorio,1110,1333,0,615495,1103
Selection Sort,Aleatorio,1120,1334,0,626640,1112
Selection Sort,Aleatorio,1130,1381,0,637885,1120
Selection Sort,Aleatorio,1140,1401,0,649230,1135
Selection Sort,Aleatorio,1150,1438,0,660675,1145
Selection Sort,Aleatorio,1160,1424,0,672220,1151
Selection Sort,Aleatorio,1170,1575,0,683865,1164
Selection Sort,Aleatorio,1180,1472,0,695610,1172
Selection Sort,Aleatorio,1190,2107,0,707455,1180
Selection Sort,Aleatorio,1200,1505,0,719400,1193
Selection Sort,Aleatorio,1210,1978,0,731445,1201
Selection Sort,Aleatorio,1220,1681,0,743590,1208
Selection Sort,Aleatorio,1230,1656,0,755835,1223
Selection Sort,Aleatorio,1240,2487,0,768180,1237
Selection Sort,Aleatorio,1250,2341,0,780625,1238
Selection Sort,Aleatorio,1260,1657,0,793170,1253
Selection Sort,Aleatorio,1270,1895,0,805815,1264
Selection Sort,Aleatorio,1280,1698,0,818560,1272
Selection Sort,Aleatorio,1290,2108,0,831405,1279
Selection Sort,Aleatorio,1300,1822,0,844350,1289
Selection Sort,Aleatorio,1310,1885,0,857395,1301
Selection Sort,Aleatorio,1320,1859,0,870540,1310
Selection Sort,Aleatorio,1330,2325,0,883785,1318
Selection Sort,Aleatorio,1340,2117,0,897130,1332
Selection Sort,Aleatorio,1350,2003,0,910575,1342
Selection Sort,Aleatorio,1360,2090,0,924120,1355
Selection Sort,Aleatorio,1370,2075,0,937765,1361
Selection Sort,Aleatorio,1380,2376,0,951510,1372
Selection Sort,Aleatorio,1390,2004,0,965355,1381
Selection Sort,Aleatorio,1400,2589,0,979300,1396
Selection Sort,Aleatorio,1410,2164,0,993345,1400
Selection Sort,Aleatorio,1420,2908,0,1007490,1408
Selection Sort,Aleatorio,1430,2128,0,1021735,1422
Selection Sort,Aleatorio,1440,2205,0,1036080,1432
Selection Sort,Aleatorio,1450,3037,0,1050525,1441
Selection Sort,Aleatorio,1460,2896,0,1065070,1452
Selection Sort,Aleatorio,1470,2270,0,1079715,1460
Selection Sort,Aleatorio,1480,2267,0,1094460,1473
Selection Sort,Aleatorio,1490,3198,0,1109305,1482
Selection Sort,Aleatorio,1500,2702,0,1124250,1494
Selection Sort,Aleatorio,1510,2368,0,1139295,1500
Selection Sort,Aleatorio,1520,2393,0,1154440,1511
Selection Sort,Aleatorio,1530,2425,0,1169685,1527
Selection Sort,Aleatorio,1540,2492,0,1185030,1530
Selection Sort,Aleatorio,1550,2988,0,1200475,1540
Selection Sort,Aleatorio,1560,2573,0,1216020,1555
Selection Sort,Aleatorio,1570,3474,0,1231665,1559
Selection Sort,Aleatorio,1580,2954,0,1247410,1571
Selection Sort,Aleatorio,1590,3223,0,1263255,1585
Selection Sort,Aleatorio,1600,3011,0,1279200,1596
Selection Sort,Aleatorio,1610,3335,0,1295245,1605
Selection Sort,Aleatorio,1620,3869,0,1311390,1609
Selection Sort,Aleatorio,1630,2888,0,1327635,1619
Selection Sort,Aleatorio,1640,2804,0,1343980,1629
Selection Sort,Aleatorio,1650,3284,0,1360425,1644
Selection Sort,Aleatorio,1660,3565,0,1376970,1655
Selection Sort,Aleatorio,1670,4204,0,1393615,1663
Selection Sort,Aleatorio,1680,3966,0,1410360,1671
Selection Sort,Aleatorio,1690,3005,0,1427205,1685
Selection Sort,Aleatorio,1700,3021,0,1444150,1693
Selection Sort,Aleatorio,1710,3113,0,1461195,1701
Selection Sort,Aleatorio,1720,3122,0,1478340,1710
Selection Sort,Aleatorio,1730,3083,0,1495585,1726
Selection Sort,Aleatorio,1740,3503,0,1512930,1728
Selection Sort,Aleatorio,1750,3150,0,1530375,1744
Selection Sort,Aleatorio,1760,3384,0,1547920,1756
Selection Sort,Aleatorio,1770,3291,0,1565565,1763
Selection Sort,Aleatorio,1780,3321,0,1583310,1767
Selection Sort,Aleatorio,1790,3414,0,1601155,1785
Selection Sort,Aleatorio,1800,3382,0,1619100,1788
Selection Sort,Aleatorio,1810,3381,0,1637145,1805
Selection Sort,Aleatorio,1820,3649,0,1655290,1811
Selection Sort,Aleatorio,1830,3723,0,1673535,1821
Selection Sort,Aleatorio,1840,3485,0,1691880,1831
Selection Sort,Aleatorio,1850,3797,0,1710325,1844
Selection Sort,Aleatorio,1860,3559,0,1728870,1854
Selection Sort,Aleatorio,1870,4008,0,1747515,1864
Selection Sort,Aleatorio,1880,3830,0,1766260,1871
Selection Sort,Aleatorio,1890,3698,0,1785105,1881
Selection Sort,Aleatorio,1900,3793,0,1804050,1890
Selection Sort,Aleatorio,1910,3754,0,1823095,1904
Selection Sort,Aleatorio,1920,4670,0,1842240,1910
Selection Sort,Aleatorio,1930,3880,0,1861485,1920
Selection Sort,Aleatorio,1940,3938,0,1880830,1935
Selection Sort,Aleatorio,1950,3975,0,1900275,1937
Selection Sort,Aleatorio,1960,4769,0,1919820,1954
Selection Sort,Aleatorio,1970,4066,0,1939465,1963
Selection Sort,Aleatorio,1980,4516,0,1959210,1972
Selection Sort,Aleatorio,1990,4077,0,1979055,1985
Selection Sort,Aleatorio,2000,4431,0,1999000,1993
Selection Sort,Aleatorio,2010,4422,0,2019045,1999
Selection Sort,Aleatorio,2020,4375,0,2039190,2016
Selection Sort,Aleatorio,2030,4637,0,2059435,2023
Selection Sort,Aleatorio,2040,4426,0,2079780,2036
Selection Sort,Aleatorio,2050,4449,0,2100225,2039
Selection Sort,Aleatorio,2060,4398,0,2120770,2053
Selection Sort,Aleatorio,2070,4445,0,2141415,2060
Selection Sort,Aleatorio,2080,4837,0,2162160,2067
Selection Sort,Aleatorio,2090,5548,0,2183005,2083
Selection Sort,Aleatorio,2100,4558,0,2203950,2093
Selection Sort,Aleatorio,2110,4744,0,2224995,2106
Selection Sort,Aleatorio,2120,5351,0,2246140,2114
Selection Sort,Aleatorio,2130,4796,0,2267385,2123
Selection Sort,Aleatorio,2140,4698,0,2288730,2134
Selection Sort,Aleatorio,2150,4753,0,2310175,2145
Selection Sort,Aleatorio,2160,4789,0,2331720,2150
Selection Sort,Aleatorio,2170,4942,0,2353365,2161
Selection Sort,Aleatorio,2180,6737,0,2375110,2172
Selection Sort,Aleatorio,2190,5686,0,2396955,2178
Selection Sort,Aleatorio,2200,4964,0,2418900,2187
Selection Sort,Aleatorio,2210,5562,0,2440945,2203
Selection Sort,Aleatorio,2220,5947,0,2463090,2212
Selection Sort,Aleatorio,2230,5810,0,2485335,2219
Selection Sort,Aleatorio,2240,5254,0,2507680,2229
Selection Sort,Aleatorio,2250,5307,0,2530125,2244
Selection Sort,Aleatorio,2260,5435,0,2552670,2251
Selection Sort,Aleatorio,2270,5514,0,2575315,2262
Selection Sort,Aleatorio,2280,5470,0,2598060,2272
Selection Sort,Aleatorio,2290,5543,0,2620905,2284
Selection Sort,Aleatorio,2300,5423,0,2643850,2289
Selection Sort,Aleatorio,2310,6134,0,2666895,2302
Selection Sort,Aleatorio,2320,6229,0,2690040,2314
Selection Sort,Aleatorio,2330,6045,0,2713285,2318
Selection Sort,Aleatorio,2340,5797,0,2736630,2326
Selection Sort,Aleatorio,2350,8216,0,2760075,2339
Selection Sort,Aleatorio,2360,6311,0,2783620,2353
Selection Sort,Aleatorio,2370,6020,0,2807265,2366
Selection Sort,Aleatorio,2380,7615,0,2831010,2371
Selection Sort,Aleatorio,2390,6306,0,2854855,2380
Selection Sort,Aleatorio,2400,5971,0,2878800,2399
Selection Sort,Aleatorio,2410,6054,0,2902845,2397
Selection Sort,Aleatorio,2420,5990,0,2926990,2406
Selection Sort,Aleatorio,2430,6127,0,2951235,2421
Selection Sort,Aleatorio,2440,6120,0,2975580,2432
Selection Sort,Aleatorio,2450,6170,0,3000025,2443
Selection Sort,Aleatorio,2460,6688,0,3024570,2453
Selection Sort,Aleatorio,2470,7645,0,3049215,2460
Selection Sort,Aleatorio,2480,6414,0,3073960,2470
Selection Sort,Aleatorio,2490,7740,0,3098805,2478
Selection Sort,Aleatorio,2500,7755,0,3123750,2492
Selection Sort,Aleatorio,2510,8577,0,3148795,2502
Selection Sort,Aleatorio,2520,6575,0,3173940,2511
Selection Sort,Aleatorio,2530,7595,0,3199185,2523
Selection Sort,Aleatorio,2540,6863,0,3224530,2527
Selection Sort,Aleatorio,2550,7540,0,3249975,2537
Selection Sort,Aleatorio,2560,8057,0,3275520,2552
Selection Sort,Aleatorio,2570,8293,0,3301165,2562
Selection Sort,Aleatorio,2580,7287,0,3326910,2571
Selection Sort,Aleatorio,2590,7077,0,3352755,2581
Selection Sort,Aleatorio,2600,7109,0,3378700,2596
Selection Sort,Aleatorio,2610,7952,0,3404745,2602
Selection Sort,Aleatorio,2620,7689,0,3430890,2612
Selection Sort,Aleatorio,2630,7887,0,3457135,2622
Selection Sort,Aleatorio,2640,7274,0,3483480,2628
Selection Sort,Aleatorio,2650,9069,0,3509925,2643
Selection Sort,Aleatorio,2660,7348,0,3536470,2652
Selection Sort,Aleatorio,2670,9064,0,3563115,2663
Selection Sort,Aleatorio,2680,7806,0,3589860,2670
Selection Sort,Aleatorio,2690,7445,0,3616705,2684
Selection Sort,Aleatorio,2700,10089,0,3643650,2693
Selection Sort,Aleatorio,2710,7761,0,3670695,2703
Selection Sort,Aleatorio,2720,7952,0,3697840,2708
Selection Sort,Aleatorio,2730,7768,0,3725085,2722
Selection Sort,Aleatorio,2740,8245,0,3752430,2731
Selection Sort,Aleatorio,2750,8398,0,3779875,2740
Selection Sort,Aleatorio,2760,10185,0,3807420,2749
Selection Sort,Aleatorio,2770,8896,0,3835065,2762
Selection Sort,Aleatorio,2780,9632,0,3862810,2767
Selection Sort,Aleatorio,2790,9602,0,3890655,2785
Selection Sort,Aleatorio,2800,9619,0,3918600,2793
Selection Sort,Aleatorio,2810,9759,0,3946645,2803
Selection Sort,Aleatorio,2820,11318,0,3974790,2809
Selection Sort,Aleatorio,2830,8543,0,4003035,2820
Selection Sort,Aleatorio,2840,9576,0,4031380,2825
Selection Sort,Aleatorio,2850,9061,0,4059825,2845
Selection Sort,Aleatorio,2860,8591,0,4088370,2853
Selection Sort,Aleatorio,2870,9185,0,4117015,2865
Selection Sort,Aleatorio,2880,8748,0,4145760,2867
Selection Sort,Aleatorio,2890,10057,0,4174605,2880
Selection Sort,Aleatorio,2900,8885,0,4203550,2889
Selection Sort,Aleatorio,2910,11949,0,4232595,2903
Selection Sort,Aleatorio,2920,11869,0,4261740,2908
Selection Sort,Aleatorio,2930,9368,0,4290985,2919
Selection Sort,Aleatorio,2940,9299,0,4320330,2928
Selection Sort,Aleatorio,2950,8985,0,4349775,2941
Selection Sort,Aleatorio,2960,9116,0,4379320,2951
Selection Sort,Aleatorio,2970,9187,0,4408965,2966
Selection Sort,Aleatorio,2980,10277,0,4438710,2975
Selection Sort,Aleatorio,2990,9612,0,4468555,2980
Selection Sort,Aleatorio,3000,10819,0,4498500,2994
Selection Sort,Aleatorio,3010,10613,0,4528545,2998
Selection Sort,Aleatorio,3020,13285,0,4558690,3005
Selection Sort,Aleatorio,3030,10836,0,4588935,3025
Selection Sort,Aleatorio,3040,12417,0,4619280,3030
Selection Sort,Aleatorio,3050,10324,0,4649725,3041
Selection Sort,Aleatorio,3060,10616,0,4680270,3048
Selection Sort,Aleatorio,3070,11277,0,4710915,3066
Selection Sort,Aleatorio,3080,10098,0,4741660,3069
Selection Sort,Aleatorio,3090,10017,0,4772505,3081
Selection Sort,Aleatorio,3100,10566,0,4803450,3089
Selection Sort,Aleatorio,3110,12714,0,4834495,3100
Selection Sort,Aleatorio,3120,10049,0,4865640,3112
Selection Sort,Aleatorio,3130,10580,0,4896885,3125
Selection Sort,Aleatorio,3140,10403,0,4928230,3133
Selection Sort,Aleatorio,3150,10702,0,4959675,3144
Selection Sort,Aleatorio,3160,11108,0,4991220,3155
Selection Sort,Aleatorio,3170,11860,0,5022865,3167
Selection Sort,Aleatorio,3180,12446,0,5054610,3171
Selection Sort,Aleatorio,3190,10629,0,5086455,3181
Selection Sort,Aleatorio,3200,10805,0,5118400,3196
Selection Sort,Aleatorio,3210,11384,0,5150445,3199
Selection Sort,Aleatorio,3220,11159,0,5182590,3214
Selection Sort,Aleatorio,3230,11250,0,5214835,3223
Selection Sort,Aleatorio,3240,11168,0,5247180,3224
Selection Sort,Aleatorio,3250,12058,0,5279625,3242
Selection Sort,Aleatorio,3260,12332,0,5312170,3248
Selection Sort,Aleatorio,3270,12286,0,5344815,3264
Selection Sort,Aleatorio,3280,13211,0,5377560,3270
Selection Sort,Aleatorio,3290,12318,0,5410405,3279
Selection Sort,Aleatorio,3300,13233,0,5443350,3294
Selection Sort,Aleatorio,3310,11688,0,5476395,3302
Selection Sort,Aleatorio,3320,11450,0,5509540,3315
Selection Sort,Aleatorio,3330,12533,1,5542785,3315
Selection Sort,Aleatorio,3340,11501,0,5576130,3331
Selection Sort,Aleatorio,3350,13421,0,5609575,3343
Selection Sort,Aleatorio,3360,12350,0,5643120,3349
Selection Sort,Aleatorio,3370,12373,0,5676765,3358
Selection Sort,Aleatorio,3380,16346,0,5710510,3367
Selection Sort,Aleatorio,3390,13725,0,5744355,3382
Selection Sort,Aleatorio,3400,12017,0,5778300,3396
Selection Sort,Aleatorio,3410,13341,0,5812345,3403
Selection Sort,Aleatorio,3420,12063,0,5846490,3413
Selection Sort,Aleatorio,3430,16053,0,5880735,3420
Selection Sort,Aleatorio,3440,12738,0,5915080,3430
Selection Sort,Aleatorio,3450,12464,0,5949525,3437
Selection Sort,Aleatorio,3460,17872,0,5984070,3454
Selection Sort,Aleatorio,3470,14870,0,6018715,3454
Selection Sort,Aleatorio,3480,13627,0,6053460,3468
Selection Sort,Aleatorio,3490,15398,0,6088305,3480
Selection Sort,Aleatorio,3500,12686,0,6123250,3487
Selection Sort,Aleatorio,3510,12894,0,6158295,3499
Selection Sort,Aleatorio,3520,12932,0,6193440,3509
Selection Sort,Aleatorio,3530,13365,0,6228685,3519
Selection Sort,Aleatorio,3540,13035,0,6264030,3530
Selection Sort,Aleatorio,3550,14758,0,6299475,3540
Selection Sort,Aleatorio,3560,13950,0,6335020,3555
Selection Sort,Aleatorio,3570,13099,0,6370665,3566
Selection Sort,Aleatorio,3580,14011,0,6406410,3571
Selection Sort,Aleatorio,3590,13286,0,6442255,3583
Selection Sort,Aleatorio,3600,15087,0,6478200,3592
Selection Sort,Aleatorio,3610,15412,0,6514245,3605
Selection Sort,Aleatorio,3620,13615,0,6550390,3612
Selection Sort,Aleatorio,3630,13742,0,6586635,3617
Selection Sort,Aleatorio,3640,13779,0,6622980,3627
Selection Sort,Aleatorio,3650,14379,0,6659425,3639
Selection Sort,Aleatorio,3660,14487,0,6695970,3655
Selection Sort,Aleatorio,3670,13887,0,6732615,3660
Selection Sort,Aleatorio,3680,17757,0,6769360,3670
Selection Sort,Aleatorio,3690,15401,0,6806205,3679
Selection Sort,Aleatorio,3700,16290,0,6843150,3688
Selection Sort,Aleatorio,3710,14663,0,6880195,3696
Selection Sort,Aleatorio,3720,14779,0,6917340,3717
Selection Sort,Aleatorio,3730,14573,0,6954585,3726
Selection Sort,Aleatorio,3740,16420,0,6991930,3733
Selection Sort,Aleatorio,3750,16243,1,7029375,3738
Selection Sort,Aleatorio,3760,15342,0,7066920,3751
Selection Sort,Aleatorio,3770,14836,0,7104565,3760
Selection Sort,Aleatorio,3780,16582,0,7142310,3775
Selection Sort,Aleatorio,3790,15118,0,7180155,3783
Selection Sort,Aleatorio,3800,15062,0,7218100,3788
Selection Sort,Aleatorio,3810,15819,0,7256145,3804
Selection Sort,Aleatorio,3820,15077,0,7294290,3810
Selection Sort,Aleatorio,3830,17024,0,7332535,3823
Selection Sort,Aleatorio,3840,16012,0,7370880,3834
Selection Sort,Aleatorio,3850,19856,0,7409325,3840
Selection Sort,Aleatorio,3860,16588,0,7447870,3848
Selection Sort,Aleatorio,3870,17926,0,7486515,3867
Selection Sort,Aleatorio,3880,19893,0,7525260,3872
Selection Sort,Aleatorio,3890,16166,0,7564105,3875
Selection Sort,Aleatorio,3900,16822,0,7603050,3887
Selection Sort,Aleatorio,3910,18738,0,7642095,3898
Selection Sort,Aleatorio,3920,15918,0,7681240,3913
Selection Sort,Aleatorio,3930,16098,0,7720485,3924
Selection Sort,Aleatorio,3940,17251,1,7759830,3928
Selection Sort,Aleatorio,3950,16456,0,7799275,3946
Selection Sort,Aleatorio,3960,16116,0,7838820,3952
Selection Sort,Aleatorio,3970,17011,0,7878465,3963
Selection Sort,Aleatorio,3980,16461,0,7918210,3974
Selection Sort,Aleatorio,3990,17654,0,7958055,3983
Selection Sort,Aleatorio,4000,17731,0,7998000,3990
Selection Sort,Aleatorio,4010,18118,0,8038045,3999
Selection Sort,Aleatorio,4020,19406,0,8078190,4010
Selection Sort,Aleatorio,4030,19711,0,8118435,4022
Selection Sort,Aleatorio,4040,17634,0,8158780,4034
Selection Sort,Aleatorio,4050,17458,0,8199225,4042
Selection Sort,Aleatorio,4060,19709,0,8239770,4052
Selection Sort,Aleatorio,4070,18095,0,8280415,4058
Selection Sort,Aleatorio,4080,17805,0,8321160,4069
Selection Sort,Aleatorio,4090,19540,0,8362005,4082
Selection Sort,Aleatorio,4100,17549,0,8402950,4090
Selection Sort,Aleatorio,4110,17331,0,8443995,4102
Selection Sort,Aleatorio,4120,17960,0,8485140,4112
Selection Sort,Aleatorio,4130,18280,0,8526385,4122
Selection Sort,Aleatorio,4140,18298,0,8567730,4134
Selection Sort,Aleatorio,4150,18569,0,8609175,4140
Selection Sort,Aleatorio,4160,18638,0,8650720,4150
Selection Sort,Aleatorio,4170,18745,0,8692365,4164
Selection Sort,Aleatorio,4180,19180,0,8734110,4166
Selection Sort,Aleatorio,4190,20836,0,8775955,4182
Selection Sort,Aleatorio,4200,19741,0,8817900,4187
Selection Sort,Aleatorio,4210,18622,0,8859945,4199
Selection Sort,Aleatorio,4220,22524,0,8902090,4210
Selection Sort,Aleatorio,4230,19266,0,8944335,4220
Selection Sort,Aleatorio,4240,20160,0,8986680,4235
Selection Sort,Aleatorio,4250,21321,0,9029125,4238
Selection Sort,Aleatorio,4260,18853,0,9071670,4250
Selection Sort,Aleatorio,4270,21319,0,9114315,4263
Selection Sort,Aleatorio,4280,18887,0,9157060,4273
Selection Sort,Aleatorio,4290,19007,0,9199905,4282
Selection Sort,Aleatorio,4300,19719,0,9242850,4291
Selection Sort,Aleatorio,4310,20630,0,9285895,4296
Selection Sort,Aleatorio,4320,19232,0,9329040,4311
Selection Sort,Aleatorio,4330,19302,0,9372285,4323
Selection Sort,Aleatorio,4340,21996,0,9415630,4330
Selection Sort,Aleatorio,4350,19466,0,9459075,4336
Selection Sort,Aleatorio,4360,21318,0,9502620,4352
Selection Sort,Aleatorio,4370,23180,0,9546265,4365
Selection Sort,Aleatorio,4380,19830,0,9590010,4375
Selection Sort,Aleatorio,4390,20406,0,9633855,4381
Selection Sort,Aleatorio,4400,22790,0,9677800,4391
Selection Sort,Aleatorio,4410,21125,0,9721845,4397
Selection Sort,Aleatorio,4420,22530,0,9765990,4414
Selection Sort,Aleatorio,4430,20604,0,9810235,4420
Selection Sort,Aleatorio,4440,20678,0,9854580,4429
Selection Sort,Aleatorio,4450,20748,0,9899025,4434
Selection Sort,Aleatorio,4460,21314,1,9943570,4450
Selection Sort,Aleatorio,4470,21290,0,9988215,4460
Selection Sort,Aleatorio,4480,21413,0,10032960,4466
Selection Sort,Aleatorio,4490,23255,0,10077805,4483
Selection Sort,Aleatorio,4500,20971,0,10122750,4493
Selection Sort,Aleatorio,4510,24059,0,10167795,4499
Selection Sort,Aleatorio,4520,21284,0,10212940,4511
Selection Sort,Aleatorio,4530,21231,0,10258185,4519
Selection Sort,Aleatorio,4540,21468,0,10303530,4527
Selection Sort,Aleatorio,4550,23188,0,10348975,4540
Selection Sort,Aleatorio,4560,22503,0,10394520,4549
Selection Sort,Aleatorio,4570,25854,0,10440165,4563
Selection Sort,Aleatorio,4580,24655,0,10485910,4576
Selection Sort,Aleatorio,4590,23245,0,10531755,4578
Selection Sort,Aleatorio,4600,22504,0,10577700,4597
Selection Sort,Aleatorio,4610,22152,0,10623745,4597
Selection Sort,Aleatorio,4620,22852,0,10669890,4606
Selection Sort,Aleatorio,4630,22578,0,10716135,4620
Selection Sort,Aleatorio,4640,22774,0,10762480,4634
Selection Sort,Aleatorio,4650,23611,0,10808925,4646
Selection Sort,Aleatorio,4660,23577,0,10855470,4652
Selection Sort,Aleatorio,4670,22830,0,10902115,4663
Selection Sort,Aleatorio,4680,22669,0,10948860,4672
Selection Sort,Aleatorio,4690,23049,0,10995705,4684
Selection Sort,Aleatorio,4700,23038,0,11042650,4690
Selection Sort,Aleatorio,4710,23593,0,11089695,4701
Selection Sort,Aleatorio,4720,25490,0,11136840,4713
Selection Sort,Aleatorio,4730,28998,0,11184085,4723
Selection Sort,Aleatorio,4740,23415,0,11231430,4730
Selection Sort,Aleatorio,4750,23045,0,11278875,4739
Selection Sort,Aleatorio,4760,23899,0,11326420,4753
Selection Sort,Aleatorio,4770,24080,0,11374065,4767
Selection Sort,Aleatorio,4780,24133,0,11421810,4775
Selection Sort,Aleatorio,4790,26319,0,11469655,4781
Selection Sort,Aleatorio,4800,24656,0,11517600,4795
Selection Sort,Aleatorio,4810,24436,0,11565645,4799
Selection Sort,Aleatorio,4820,26940,0,11613790,4809
Selection Sort,Aleatorio,4830,24156,0,11662035,4826
Selection Sort,Aleatorio,4840,24050,0,11710380,4827
Selection Sort,Aleatorio,4850,24500,0,11758825,4837
Selection Sort,Aleatorio,4860,27631,0,11807370,4847
Selection Sort,Aleatorio,4870,27151,0,11856015,4860
Selection Sort,Aleatorio,4880,24763,0,11904760,4873
Selection Sort,Aleatorio,4890,24730,0,11953605,4884
Selection Sort,Aleatorio,4900,25818,0,12002550,4889
Selection Sort,Aleatorio,4910,27386,1,12051595,4904
Selection Sort,Aleatorio,4920,25245,0,12100740,4912
Selection Sort,Aleatorio,4930,26986,0,12149985,4919
Selection Sort,Aleatorio,4940,31581,0,12199330,4927
Selection Sort,Aleatorio,4950,27707,0,12248775,4940
Selection Sort,Aleatorio,4960,26379,0,12298320,4951
Selection Sort,Aleatorio,4970,26527,0,12347965,4958
Selection Sort,Aleatorio,4980,27473,0,12397710,4972
Selection Sort,Aleatorio,4990,25987,0,12447555,4981
Selection Sort,Aleatorio,5000,25732,0,12497500,4996
Selection Sort,Aleatorio,5010,27860,0,12547545,5002
Selection Sort,Aleatorio,5020,26583,0,12597690,5014
Selection Sort,Aleatorio,5030,26187,0,12647935,5024
Selection Sort,Aleatorio,5040,29865,0,12698280,5030
Selection Sort,Aleatorio,5050,27232,1,12748725,5043
Selection Sort,Aleatorio,5060,26573,0,12799270,5057
Selection Sort,Aleatorio,5070,26880,0,12849915,5062
Selection Sort,Aleatorio,5080,27080,0,12900660,5068
Selection Sort,Aleatorio,5090,28174,0,12951505,5081
Selection Sort,Aleatorio,5100,26953,0,13002450,5095
Selection Sort,Aleatorio,5110,27841,0,13053495,5103
Selection Sort,Aleatorio,5120,28896,0,13104640,5110
Selection Sort,Aleatorio,5130,29020,0,13155885,5120
Selection Sort,Aleatorio,5140,27747,0,13207230,5133
Selection Sort,Aleatorio,5150,32213,0,13258675,5143
Selection Sort,Aleatorio,5160,31708,0,13310220,5149
Selection Sort,Aleatorio,5170,30557,0,13361865,5164
Selection Sort,Aleatorio,5180,29224,0,13413610,5167
Selection Sort,Aleatorio,5190,28187,0,13465455,5179
Selection Sort,Aleatorio,5200,28575,0,13517400,5190
Selection Sort,Aleatorio,5210,29485,0,13569445,5203
Selection Sort,Aleatorio,5220,29352,0,13621590,5213
Selection Sort,Aleatorio,5230,28849,0,13673835,5220
Selection Sort,Aleatorio,5240,28241,0,13726180,5234
Selection Sort,Aleatorio,5250,28824,0,13778625,5240
Selection Sort,Aleatorio,5260,28430,0,13831170,5248
Selection Sort,Aleatorio,5270,28797,0,13883815,5261
Selection Sort,Aleatorio,5280,30512,0,13936560,5276
Selection Sort,Aleatorio,5290,29121,0,13989405,5280
Selection Sort,Aleatorio,5300,28761,0,14042350,5290
Selection Sort,Aleatorio,5310,29234,0,14095395,5298
Selection Sort,Aleatorio,5320,29502,1,14148540,5308
Selection Sort,Aleatorio,5330,30240,0,14201785,5320
Selection Sort,Aleatorio,5340,29697,0,14255130,5330
Selection Sort,Aleatorio,5350,31120,0,14308575,5338
Selection Sort,Aleatorio,5360,29759,0,14362120,5354
Selection Sort,Aleatorio,5370,32236,0,14415765,5360
Selection Sort,Aleatorio,5380,31533,0,14469510,5371
Selection Sort,Aleatorio,5390,30268,0,14523355,5381
Selection Sort,Aleatorio,5400,29993,0,14577300,5394
Selection Sort,Aleatorio,5410,36074,0,14631345,5403
Selection Sort,Aleatorio,5420,31335,0,14685490,5410
Selection Sort,Aleatorio,5430,33537,0,14739735,5423
Selection Sort,Aleatorio,5440,34195,0,14794080,5432
Selection Sort,Aleatorio,5450,33602,0,14848525,5442
Selection Sort,Aleatorio,5460,33331,0,14903070,5451
Selection Sort,Aleatorio,5470,31658,0,14957715,5460
Selection Sort,Aleatorio,5480,32259,0,15012460,5469
Selection Sort,Aleatorio,5490,32359,0,15067305,5483
Selection Sort,Aleatorio,5500,32479,0,15122250,5491
Selection Sort,Aleatorio,5510,32578,0,15177295,5499
Selection Sort,Aleatorio,5520,33259,0,15232440,5505
Selection Sort,Aleatorio,5530,36370,0,15287685,5519
Selection Sort,Aleatorio,5540,34442,0,15343030,5526
Selection Sort,Aleatorio,5550,33212,0,15398475,5536
Selection Sort,Aleatorio,5560,36481,1,15454020,5550
Selection Sort,Aleatorio,5570,34856,0,15509665,5556
Selection Sort,Aleatorio,5580,35282,0,15565410,5572
Selection Sort,Aleatorio,5590,34637,0,15621255,5581
Selection Sort,Aleatorio,5600,37985,0,15677200,5591
Selection Sort,Aleatorio,5610,33979,0,15733245,5596
Selection Sort,Aleatorio,5620,32777,0,15789390,5611
Selection Sort,Aleatorio,5630,34119,0,15845635,5622
Selection Sort,Aleatorio,5640,37467,0,15901980,5634
Selection Sort,Aleatorio,5650,34971,0,15958425,5642
Selection Sort,Aleatorio,5660,33302,0,16014970,5654
Selection Sort,Aleatorio,5670,33974,0,16071615,5662
Selection Sort,Aleatorio,5680,34780,0,16128360,5669
Selection Sort,Aleatorio,5690,36261,0,16185205,5680
Selection Sort,Aleatorio,5700,36821,0,16242150,5689
Selection Sort,Aleatorio,5710,34508,0,16299195,5701
Selection Sort,Aleatorio,5720,34377,0,16356340,5710
Selection Sort,Aleatorio,5730,35301,0,16413585,5723
Selection Sort,Aleatorio,5740,36216,0,16470930,5734
Selection Sort,Aleatorio,5750,34136,0,16528375,5740
Selection Sort,Aleatorio,5760,40817,0,16585920,5749
Selection Sort,Aleatorio,5770,33950,0,16643565,5764
Selection Sort,Aleatorio,5780,34976,0,16701310,5770
Selection Sort,Aleatorio,5790,36007,0,16759155,5778
Selection Sort,Aleatorio,5800,35060,0,16817100,5789
Selection Sort,Aleatorio,5810,35940,0,16875145,5800
Selection Sort,Aleatorio,5820,35697,0,16933290,5806
Selection Sort,Aleatorio,5830,37668,0,16991535,5823
Selection Sort,Aleatorio,5840,36422,0,17049880,5830
Selection Sort,Aleatorio,5850,35767,0,17108325,5840
Selection Sort,Aleatorio,5860,37725,0,17166870,5847
Selection Sort,Aleatorio,5870,38808,0,17225515,5860
Selection Sort,Aleatorio,5880,36128,0,17284260,5871
Selection Sort,Aleatorio,5890,37075,0,17343105,5881
Selection Sort,Aleatorio,5900,39430,1,17402050,5888
Selection Sort,Aleatorio,5910,36178,0,17461095,5900
Selection Sort,Aleatorio,5920,46082,0,17520240,5914
Selection Sort,Aleatorio,5930,36278,0,17579485,5921
Selection Sort,Aleatorio,5940,36620,0,17638830,5932
Selection Sort,Aleatorio,5950,36790,0,17698275,5940
Selection Sort,Aleatorio,5960,36909,0,17757820,5952
Selection Sort,Aleatorio,5970,36371,0,17817465,5961
Selection Sort,Aleatorio,5980,39873,0,17877210,5971
Selection Sort,Aleatorio,5990,38413,0,17937055,5982
Selection Sort,Aleatorio,6000,38197,0,17997000,5994
Selection Sort,Aleatorio,6010,36882,1,18057045,6003
Selection Sort,Aleatorio,6020,38007,0,18117190,6012
Selection Sort,Aleatorio,6030,37445,0,18177435,6022
Selection Sort,Aleatorio,6040,37635,0,18237780,6029
Selection Sort,Aleatorio,6050,38290,0,18298225,6041
Selection Sort,Aleatorio,6060,38054,0,18358770,6053
Selection Sort,Aleatorio,6070,39516,0,18419415,6063
Selection Sort,Aleatorio,6080,38141,0,18480160,6069
Selection Sort,Aleatorio,6090,39504,0,18541005,6080
Selection Sort,Aleatorio,6100,39119,0,18601950,6096
Selection Sort,Aleatorio,6110,38678,0,18662995,6101
Selection Sort,Aleatorio,6120,41674,1,18724140,6111
Selection Sort,Aleatorio,6130,39057,0,18785385,6118
Selection Sort,Aleatorio,6140,44350,0,18846730,6132
Selection Sort,Aleatorio,6150,40386,0,18908175,6142
Selection Sort,Aleatorio,6160,39387,0,18969720,6151
Selection Sort,Aleatorio,6170,45143,0,19031365,6160
Selection Sort,Aleatorio,6180,39436,0,19093110,6169
Selection Sort,Aleatorio,6190,39960,0,19154955,6182
Selection Sort,Aleatorio,6200,41924,0,19216900,6188
Selection Sort,Aleatorio,6210,40139,0,19278945,6199
Selection Sort,Aleatorio,6220,40619,1,19341090,6211
Selection Sort,Aleatorio,6230,44610,0,19403335,6219
Selection Sort,Aleatorio,6240,40070,0,19465680,6227
Selection Sort,Aleatorio,6250,40654,0,19528125,6244
Selection Sort,Aleatorio,6260,40165,0,19590670,6253
Selection Sort,Aleatorio,6270,40145,0,19653315,6259
Selection Sort,Aleatorio,6280,41675,0,19716060,6269
Selection Sort,Aleatorio,6290,40479,0,19778905,6277
Selection Sort,Aleatorio,6300,42052,0,19841850,6293
Selection Sort,Aleatorio,6310,42201,0,19904895,6293
Selection Sort,Aleatorio,6320,42274,1,19968040,6313
Selection Sort,Aleatorio,6330,42318,0,20031285,6324
Selection Sort,Aleatorio,6340,46899,0,20094630,6334
Selection Sort,Aleatorio,6350,44202,0,20158075,6343
Selection Sort,Aleatorio,6360,43503,0,20221620,6347
Selection Sort,Aleatorio,6370,44352,0,20285265,6356
Selection Sort,Aleatorio,6380,43361,0,20349010,6371
Selection Sort,Aleatorio,6390,43864,0,20412855,6380
Selection Sort,Aleatorio,6400,42031,0,20476800,6389
Selection Sort,Aleatorio,6410,43106,0,20540845,6400
Selection Sort,Aleatorio,6420,56469,0,20604990,6414
Selection Sort,Aleatorio,6430,42434,0,20669235,6419
Selection Sort,Aleatorio,6440,44874,0,20733580,6431
Selection Sort,Aleatorio,6450,43418,0,20798025,6438
Selection Sort,Aleatorio,6460,43372,0,20862570,6450
Selection Sort,Aleatorio,6470,44876,0,20927215,6463
Selection Sort,Aleatorio,6480,44753,0,20991960,6471
Selection Sort,Aleatorio,6490,44480,0,21056805,6480
Selection Sort,Aleatorio,6500,44538,1,21121750,6491
Selection Sort,Aleatorio,6510,43732,0,21186795,6499
Selection Sort,Aleatorio,6520,44185,0,21251940,6510
Selection Sort,Aleatorio,6530,45350,0,21317185,6518
Selection Sort,Aleatorio,6540,46122,0,21382530,6532
Selection Sort,Aleatorio,6550,43972,0,21447975,6540
Selection Sort,Aleatorio,6560,47558,0,21513520,6552
Selection Sort,Aleatorio,6570,44092,0,21579165,6562
Selection Sort,Aleatorio,6580,45688,0,21644910,6569
Selection Sort,Aleatorio,6590,44922,0,21710755,6577
Selection Sort,Aleatorio,6600,44906,0,21776700,6596
Selection Sort,Aleatorio,6610,44706,0,21842745,6602
Selection Sort,Aleatorio,6620,45145,0,21908890,6611
Selection Sort,Aleatorio,6630,45784,0,21975135,6622
Selection Sort,Aleatorio,6640,45509,0,22041480,6630
Selection Sort,Aleatorio,6650,45398,0,22107925,6642
Selection Sort,Aleatorio,6660,46341,0,22174470,6652
Selection Sort,Aleatorio,6670,47727,0,22241115,6662
Selection Sort,Aleatorio,6680,46676,0,22307860,6669
Selection Sort,Aleatorio,6690,52847,1,22374705,6682
Selection Sort,Aleatorio,6700,55045,0,22441650,6687
Selection Sort,Aleatorio,6710,50297,0,22508695,6701
Selection Sort,Aleatorio,6720,47878,0,22575840,6716
Selection Sort,Aleatorio,6730,50605,0,22643085,6719
Selection Sort,Aleatorio,6740,47526,0,22710430,6726
Selection Sort,Aleatorio,6750,47857,0,22777875,6741
Selection Sort,Aleatorio,6760,49179,0,22845420,6749
Selection Sort,Aleatorio,6770,48576,0,22913065,6761
Selection Sort,Aleatorio,6780,48741,0,22980810,6772
Selection Sort,Aleatorio,6790,48886,0,23048655,6783
Selection Sort,Aleatorio,6800,48111,0,23116600,6792
Selection Sort,Aleatorio,6810,48090,0,23184645,6804
Selection Sort,Aleatorio,6820,48553,0,23252790,6810
Selection Sort,Aleatorio,6830,48456,0,23321035,6829
Selection Sort,Aleatorio,6840,49028,0,23389380,6833
Selection Sort,Aleatorio,6850,52159,0,23457825,6840
Selection Sort,Aleatorio,6860,50859,1,23526370,6845
Selection Sort,Aleatorio,6870,48487,0,23595015,6858
Selection Sort,Aleatorio,6880,49256,0,23663760,6873
Selection Sort,Aleatorio,6890,49810,0,23732605,6879
Selection Sort,Aleatorio,6900,57967,0,23801550,6892
Selection Sort,Aleatorio,6910,49135,0,23870595,6904
Selection Sort,Aleatorio,6920,51436,0,23939740,6905
Selection Sort,Aleatorio,6930,51301,0,24008985,6923
Selection Sort,Aleatorio,6940,51747,0,24078330,6928
Selection Sort,Aleatorio,6950,53913,0,24147775,6938
Selection Sort,Aleatorio,6960,53476,0,24217320,6952
Selection Sort,Aleatorio,6970,51129,0,24286965,6955
Selection Sort,Aleatorio,6980,50188,0,24356710,6971
Selection Sort,Aleatorio,6990,55902,0,24426555,6982
Selection Sort,Aleatorio,7000,51663,0,24496500,6993
Selection Sort,Aleatorio,7010,50390,0,24566545,6999
Selection Sort,Aleatorio,7020,55045,0,24636690,7014
Selection Sort,Aleatorio,7030,52019,1,24706935,7020
Selection Sort,Aleatorio,7040,52186,0,24777280,7031
Selection Sort,Aleatorio,7050,52867,0,24847725,7042
Selection Sort,Aleatorio,7060,51205,0,24918270,7047
Selection Sort,Aleatorio,7070,52764,0,24988915,7063
Selection Sort,Aleatorio,7080,51642,0,25059660,7071
Selection Sort,Aleatorio,7090,51471,0,25130505,7079
Selection Sort,Aleatorio,7100,52573,0,25201450,7086
Selection Sort,Aleatorio,7110,55258,0,25272495,7104
Selection Sort,Aleatorio,7120,51854,0,25343640,7113
Selection Sort,Aleatorio,7130,55091,0,25414885,7114
Selection Sort,Aleatorio,7140,52567,0,25486230,7133
Selection Sort,Aleatorio,7150,53482,0,25557675,7137
Selection Sort,Aleatorio,7160,55056,0,25629220,7155
Selection Sort,Aleatorio,7170,54671,0,25700865,7162
Selection Sort,Aleatorio,7180,54248,0,25772610,7169
Selection Sort,Aleatorio,7190,53955,0,25844455,7179
Selection Sort,Aleatorio,7200,56261,0,25916400,7192
Selection Sort,Aleatorio,7210,57527,0,25988445,7202
Selection Sort,Aleatorio,7220,53688,0,26060590,7208
Selection Sort,Aleatorio,7230,54341,0,26132835,7219
Selection Sort,Aleatorio,7240,53720,0,26205180,7227
Selection Sort,Aleatorio,7250,57376,0,26277625,7239
Selection Sort,Aleatorio,7260,54606,0,26350170,7253
Selection Sort,Aleatorio,7270,57050,0,26422815,7261
Selection Sort,Aleatorio,7280,55538,0,26495560,7268
Selection Sort,Aleatorio,7290,55042,0,26568405,7284
Selection Sort,Aleatorio,7300,58256,0,26641350,7292
Selection Sort,Aleatorio,7310,54842,0,26714395,7300
Selection Sort,Aleatorio,7320,55312,0,26787540,7314
Selection Sort,Aleatorio,7330,55470,0,26860785,7321
Selection Sort,Aleatorio,7340,55192,0,26934130,7331
Selection Sort,Aleatorio,7350,61073,0,27007575,7343
Selection Sort,Aleatorio,7360,57983,0,27081120,7356
Selection Sort,Aleatorio,7370,57683,0,27154765,7360
Selection Sort,Aleatorio,7380,55565,0,27228510,7373
Selection Sort,Aleatorio,7390,56434,0,27302355,7383
Selection Sort,Aleatorio,7400,61511,0,27376300,7392
Selection Sort,Aleatorio,7410,56093,0,27450345,7403
Selection Sort,Aleatorio,7420,59730,0,27524490,7409
Selection Sort,Aleatorio,7430,58435,0,27598735,7419
Selection Sort,Aleatorio,7440,56698,0,27673080,7434
Selection Sort,Aleatorio,7450,57110,0,27747525,7442
Selection Sort,Aleatorio,7460,57918,0,27822070,7454
Selection Sort,Aleatorio,7470,57727,0,27896715,7464
Selection Sort,Aleatorio,7480,59140,0,27971460,7470
Selection Sort,Aleatorio,7490,59475,0,28046305,7483
Selection Sort,Aleatorio,7500,59460,0,28121250,7488
Selection Sort,Aleatorio,7510,61689,1,28196295,7497
Selection Sort,Aleatorio,7520,58005,0,28271440,7515
Selection Sort,Aleatorio,7530,57941,0,28346685,7522
Selection Sort,Aleatorio,7540,61705,0,28422030,7532
Selection Sort,Aleatorio,7550,59247,0,28497475,7543
Selection Sort,Aleatorio,7560,58965,0,28573020,7551
Selection Sort,Aleatorio,7570,58867,0,28648665,7559
Selection Sort,Aleatorio,7580,60952,0,28724410,7568
Selection Sort,Aleatorio,7590,61507,0,28800255,7579
Selection Sort,Aleatorio,7600,59293,0,28876200,7594
Selection Sort,Aleatorio,7610,64941,0,28952245,7601
Selection Sort,Aleatorio,7620,60455,0,29028390,7609
Selection Sort,Aleatorio,7630,80382,0,29104635,7619
Selection Sort,Aleatorio,7640,63909,0,29180980,7628
Selection Sort,Aleatorio,7650,63742,0,29257425,7646
Selection Sort,Aleatorio,7660,61509,1,29333970,7654
Selection Sort,Aleatorio,7670,61004,0,29410615,7658
Selection Sort,Aleatorio,7680,62305,0,29487360,7667
Selection Sort,Aleatorio,7690,61106,0,29564205,7683
Selection Sort,Aleatorio,7700,63547,0,29641150,7691
Selection Sort,Aleatorio,7710,61941,0,29718195,7698
Selection Sort,Aleatorio,7720,61687,0,29795340,7711
Selection Sort,Aleatorio,7730,66001,0,29872585,7722
Selection Sort,Aleatorio,7740,61089,0,29949930,7734
Selection Sort,Aleatorio,7750,65818,0,30027375,7742
Selection Sort,Aleatorio,7760,62025,0,30104920,7747
Selection Sort,Aleatorio,7770,64689,0,30182565,7761
Selection Sort,Aleatorio,7780,62226,0,30260310,7769
Selection Sort,Aleatorio,7790,63520,0,30338155,7784
Selection Sort,Aleatorio,7800,70490,0,30416100,7790
Selection Sort,Aleatorio,7810,63953,0,30494145,7799
Selection Sort,Aleatorio,7820,62853,0,30572290,7813
Selection Sort,Aleatorio,7830,62834,0,30650535,7821
Selection Sort,Aleatorio,7840,63787,0,30728880,7834
Selection Sort,Aleatorio,7850,65501,0,30807325,7845
Selection Sort,Aleatorio,7860,63259,0,30885870,7856
Selection Sort,Aleatorio,7870,64461,0,30964515,7860
Selection Sort,Aleatorio,7880,64253,0,31043260,7868
Selection Sort,Aleatorio,7890,64365,0,31122105,7881
Selection Sort,Aleatorio,7900,65206,0,31201050,7888
Selection Sort,Aleatorio,7910,64387,0,31280095,7897
Selection Sort,Aleatorio,7920,64278,0,31359240,7911
Selection Sort,Aleatorio,7930,64627,0,31438485,7920
Selection Sort,Aleatorio,7940,64481,0,31517830,7929
Selection Sort,Aleatorio,7950,66403,0,31597275,7939
Selection Sort,Aleatorio,7960,66494,0,31676820,7950
Selection Sort,Aleatorio,7970,65050,0,31756465,7962
Selection Sort,Aleatorio,7980,70127,0,31836210,7972
Selection Sort,Aleatorio,7990,66253,0,31916055,7979
Selection Sort,Aleatorio,8000,65571,0,31996000,7993
Selection Sort,Aleatorio,8010,67147,0,32076045,7998
Selection Sort,Aleatorio,8020,68767,0,32156190,8008
Selection Sort,Aleatorio,8030,66608,0,32236435,8019
Selection Sort,Aleatorio,8040,66293,0,32316780,8033
Selection Sort,Aleatorio,8050,66325,0,32397225,8039
Selection Sort,Aleatorio,8060,69959,0,32477770,8055
Selection Sort,Aleatorio,8070,69627,0,32558415,8058
Selection Sort,Aleatorio,8080,66632,0,32639160,8072
Selection Sort,Aleatorio,8090,69707,0,32720005,8083
Selection Sort,Aleatorio,8100,67016,0,32800950,8090
Selection Sort,Aleatorio,8110,67754,0,32881995,8105
Selection Sort,Aleatorio,8120,67903,0,32963140,8110
Selection Sort,Aleatorio,8130,67416,0,33044385,8120
Selection Sort,Aleatorio,8140,68329,0,33125730,8129
Selection Sort,Aleatorio,8150,69527,1,33207175,8146
Selection Sort,Aleatorio,8160,69838,0,33288720,8150
Selection Sort,Aleatorio,8170,69531,0,33370365,8162
Selection Sort,Aleatorio,8180,68095,0,33452110,8174
Selection Sort,Aleatorio,8190,68688,0,33533955,8180
Selection Sort,Aleatorio,8200,69426,0,33615900,8192
Selection Sort,Aleatorio,8210,70408,0,33697945,8204
Selection Sort,Aleatorio,8220,71895,1,33780090,8207
Selection Sort,Aleatorio,8230,73606,0,33862335,8225
Selection Sort,Aleatorio,8240,71546,0,33944680,8232
Selection Sort,Aleatorio,8250,69617,0,34027125,8237
Selection Sort,Aleatorio,8260,70527,0,34109670,8249
Selection Sort,Aleatorio,8270,71563,0,34192315,8263
Selection Sort,Aleatorio,8280,72127,0,34275060,8276
Selection Sort,Aleatorio,8290,72261,0,34357905,8278
Selection Sort,Aleatorio,8300,70925,0,34440850,8288
Selection Sort,Aleatorio,8310,71939,0,34523895,8300
Selection Sort,Aleatorio,8320,71353,0,34607040,8307
Selection Sort,Aleatorio,8330,72561,0,34690285,8321
Selection Sort,Aleatorio,8340,72843,0,34773630,8331
Selection Sort,Aleatorio,8350,74189,1,34857075,8343
Selection Sort,Aleatorio,8360,74966,0,34940620,8351
Selection Sort,Aleatorio,8370,72557,0,35024265,8353
Selection Sort,Aleatorio,8380,73212,0,35108010,8370
Selection Sort,Aleatorio,8390,72630,0,35191855,8385
Selection Sort,Aleatorio,8400,74349,0,35275800,8389
Selection Sort,Aleatorio,8410,73484,1,35359845,8401
Selection Sort,Aleatorio,8420,76410,0,35443990,8407
Selection Sort,Aleatorio,8430,72944,0,35528235,8423
Selection Sort,Aleatorio,8440,72911,0,35612580,8431
Selection Sort,Aleatorio,8450,77175,0,35697025,8435
Selection Sort,Aleatorio,8460,76826,0,35781570,8449
Selection Sort,Aleatorio,8470,77625,0,35866215,8460
Selection Sort,Aleatorio,8480,77328,0,35950960,8473
Selection Sort,Aleatorio,8490,74980,0,36035805,8482
Selection Sort,Aleatorio,8500,76199,0,36120750,8488
Selection Sort,Aleatorio,8510,77454,0,36205795,8499
Selection Sort,Aleatorio,8520,74482,0,36290940,8513
Selection Sort,Aleatorio,8530,74554,0,36376185,8518
Selection Sort,Aleatorio,8540,76369,0,36461530,8529
Selection Sort,Aleatorio,8550,75084,0,36546975,8543
Selection Sort,Aleatorio,8560,76257,0,36632520,8551
Selection Sort,Aleatorio,8570,76484,0,36718165,8558
Selection Sort,Aleatorio,8580,77618,0,36803910,8567
Selection Sort,Aleatorio,8590,75968,0,36889755,8580
Selection Sort,Aleatorio,8600,76140,1,36975700,8587
Selection Sort,Aleatorio,8610,86140,0,37061745,8602
Selection Sort,Aleatorio,8620,75760,0,37147890,8606
Selection Sort,Aleatorio,8630,81606,0,37234135,8621
Selection Sort,Aleatorio,8640,76169,0,37320480,8630
Selection Sort,Aleatorio,8650,77532,0,37406925,8642
Selection Sort,Aleatorio,8660,79773,0,37493470,8644
Selection Sort,Aleatorio,8670,77911,0,37580115,8659
Selection Sort,Aleatorio,8680,78068,0,37666860,8670
Selection Sort,Aleatorio,8690,78408,0,37753705,8681
Selection Sort,Aleatorio,8700,77065,0,37840650,8695
Selection Sort,Aleatorio,8710,78808,0,37927695,8699
Selection Sort,Aleatorio,8720,80498,0,38014840,8709
Selection Sort,Aleatorio,8730,78150,0,38102085,8722
Selection Sort,Aleatorio,8740,78998,0,38189430,8735
Selection Sort,Aleatorio,8750,80244,0,38276875,8738
Selection Sort,Aleatorio,8760,79715,0,38364420,8749
Selection Sort,Aleatorio,8770,82160,0,38452065,8761
Selection Sort,Aleatorio,8780,80354,0,38539810,8767
Selection Sort,Aleatorio,8790,83597,0,38627655,8783
Selection Sort,Aleatorio,8800,81671,0,38715600,8789
Selection Sort,Aleatorio,8810,79413,0,38803645,8802
Selection Sort,Aleatorio,8820,80246,0,38891790,8809
Selection Sort,Aleatorio,8830,79255,0,38980035,8820
Selection Sort,Aleatorio,8840,81809,0,39068380,8829
Selection Sort,Aleatorio,8850,80109,0,39156825,8842
Selection Sort,Aleatorio,8860,80672,0,39245370,8849
Selection Sort,Aleatorio,8870,80873,0,39334015,8859
Selection Sort,Aleatorio,8880,80285,0,39422760,8868
Selection Sort,Aleatorio,8890,81559,0,39511605,8875
Selection Sort,Aleatorio,8900,86220,0,39600550,8893
Selection Sort,Aleatorio,8910,82501,0,39689595,8899
Selection Sort,Aleatorio,8920,81669,0,39778740,8912
Selection Sort,Aleatorio,8930,82700,0,39867985,8921
Selection Sort,Aleatorio,8940,83535,0,39957330,8929
Selection Sort,Aleatorio,8950,82452,1,40046775,8946
Selection Sort,Aleatorio,8960,84837,0,40136320,8945
Selection Sort,Aleatorio,8970,84730,0,40225965,8960
Selection Sort,Aleatorio,8980,84556,0,40315710,8967
Selection Sort,Aleatorio,8990,85396,0,40405555,8980
Selection Sort,Aleatorio,9000,86853,0,40495500,8991
Selection Sort,Aleatorio,9010,83476,0,40585545,9002
Selection Sort,Aleatorio,9020,85138,0,40675690,9009
Selection Sort,Aleatorio,9030,83148,0,40765935,9022
Selection Sort,Aleatorio,9040,83557,0,40856280,9029
Selection Sort,Aleatorio,9050,83936,0,40946725,9036
Selection Sort,Aleatorio,9060,95282,1,41037270,9050
Selection Sort,Aleatorio,9070,99229,0,41127915,9067
Selection Sort,Aleatorio,9080,97779,0,41218660,9066
Selection Sort,Aleatorio,9090,96166,0,41309505,9078
Selection Sort,Aleatorio,9100,95336,0,41400450,9093
Selection Sort,Aleatorio,9110,95832,1,41491495,9105
Selection Sort,Aleatorio,9120,95320,0,41582640,9106
Selection Sort,Aleatorio,9130,95624,0,41673885,9120
Selection Sort,Aleatorio,9140,87412,0,41765230,9129
Selection Sort,Aleatorio,9150,89268,0,41856675,9147
Selection Sort,Aleatorio,9160,93441,1,41948220,9147
Selection Sort,Aleatorio,9170,95712,0,42039865,9161
Selection Sort,Aleatorio,9180,87565,0,42131610,9172
Selection Sort,Aleatorio,9190,90015,0,42223455,9175
Selection Sort,Aleatorio,9200,92334,0,42315400,9189
Selection Sort,Aleatorio,9210,88954,0,42407445,9200
Selection Sort,Aleatorio,9220,92124,0,42499590,9208
Selection Sort,Aleatorio,9230,91893,0,42591835,9225
Selection Sort,Aleatorio,9240,94674,0,42684180,9230
Selection Sort,Aleatorio,9250,89350,0,42776625,9240
Selection Sort,Aleatorio,9260,97897,0,42869170,9252
Selection Sort,Aleatorio,9270,98152,0,42961815,9262
Selection Sort,Aleatorio,9280,98164,0,43054560,9269
Selection Sort,Aleatorio,9290,109190,0,43147405,9281
Selection Sort,Aleatorio,9300,96568,0,43240350,9289
Selection Sort,Aleatorio,9310,110155,1,43333395,9296
Selection Sort,Aleatorio,9320,103230,0,43426540,9309
Selection Sort,Aleatorio,9330,100433,0,43519785,9319
Selection Sort,Aleatorio,9340,100577,0,43613130,9333
Selection Sort,Aleatorio,9350,98802,0,43706575,9344
Selection Sort,Aleatorio,9360,107909,1,43800120,9345
Selection Sort,Aleatorio,9370,103684,0,43893765,9360
Selection Sort,Aleatorio,9380,92200,0,43987510,9369
Selection Sort,Aleatorio,9390,95716,0,44081355,9380
Selection Sort,Aleatorio,9400,94888,0,44175300,9390
Selection Sort,Aleatorio,9410,93344,1,44269345,9402
Selection Sort,Aleatorio,9420,101544,0,44363490,9410
Selection Sort,Aleatorio,9430,93101,0,44457735,9418
Selection Sort,Aleatorio,9440,101591,0,44552080,9426
Selection Sort,Aleatorio,9450,92407,0,44646525,9440
Selection Sort,Aleatorio,9460,100246,1,44741070,9454
Selection Sort,Aleatorio,9470,108440,0,44835715,9462
Selection Sort,Aleatorio,9480,97479,0,44930460,9471
Selection Sort,Aleatorio,9490,98491,0,45025305,9480
Selection Sort,Aleatorio,9500,99430,0,45120250,9488
Selection Sort,Aleatorio,9510,99145,1,45215295,9505
Selection Sort,Aleatorio,9520,105742,0,45310440,9511
Selection Sort,Aleatorio,9530,100237,0,45405685,9520
Selection Sort,Aleatorio,9540,100403,0,45501030,9527
Selection Sort,Aleatorio,9550,94018,0,45596475,9542
Selection Sort,Aleatorio,9560,104608,1,45692020,9555
Selection Sort,Aleatorio,9570,99187,0,45787665,9559
Selection Sort,Aleatorio,9580,97741,0,45883410,9570
Selection Sort,Aleatorio,9590,103190,0,45979255,9577
Selection Sort,Aleatorio,9600,111202,0,46075200,9593
Selection Sort,Aleatorio,9610,103211,0,46171245,9602
Selection Sort,Aleatorio,9620,107285,0,46267390,9610
Selection Sort,Aleatorio,9630,103781,0,46363635,9620
Selection Sort,Aleatorio,9640,110342,0,46459980,9627
Selection Sort,Aleatorio,9650,98751,1,46556425,9638
Selection Sort,Aleatorio,9660,106661,0,46652970,9646
Selection Sort,Aleatorio,9670,101049,0,46749615,9655
Selection Sort,Aleatorio,9680,102491,0,46846360,9669
Selection Sort,Aleatorio,9690,103481,0,46943205,9676
Selection Sort,Aleatorio,9700,100616,0,47040150,9687
Selection Sort,Aleatorio,9710,98895,0,47137195,9699
Selection Sort,Aleatorio,9720,101284,0,47234340,9704
Selection Sort,Aleatorio,9730,102776,0,47331585,9724
Selection Sort,Aleatorio,9740,112503,1,47428930,9726
Selection Sort,Aleatorio,9750,100943,0,47526375,9743
Selection Sort,Aleatorio,9760,99271,0,47623920,9749
Selection Sort,Aleatorio,9770,100343,0,47721565,9756
Selection Sort,Aleatorio,9780,98517,0,47819310,9773
Selection Sort,Aleatorio,9790,98991,1,47917155,9781
Selection Sort,Aleatorio,9800,101892,0,48015100,9794
Selection Sort,Aleatorio,9810,99603,0,48113145,9799
Selection Sort,Aleatorio,9820,99747,0,48211290,9813
Selection Sort,Aleatorio,9830,101634,0,48309535,9818
Selection Sort,Aleatorio,9840,130638,1,48407880,9825
Selection Sort,Aleatorio,9850,106947,0,48506325,9835
Selection Sort,Aleatorio,9860,102403,0,48604870,9848
Selection Sort,Aleatorio,9870,103814,0,48703515,9863
Selection Sort,Aleatorio,9880,101765,0,48802260,9872
Selection Sort,Aleatorio,9890,116489,0,48901105,9880
Selection Sort,Aleatorio,9900,104473,0,49000050,9889
Selection Sort,Aleatorio,9910,102085,0,49099095,9896
Selection Sort,Aleatorio,9920,100912,0,49198240,9914
Selection Sort,Aleatorio,9930,101279,0,49297485,9920
Selection Sort,Aleatorio,9940,105564,0,49396830,9928
Selection Sort,Aleatorio,9950,101024,0,49496275,9939
Selection Sort,Aleatorio,9960,102043,0,49595820,9950
Selection Sort,Aleatorio,9970,104999,0,49695465,9957
Selection Sort,Aleatorio,9980,103713,0,49795210,9973
Selection Sort,Aleatorio,9990,106160,0,49895055,9983
Selection Sort,Aleatorio,10000,102177,0,49995000,9989